{Par}三人とも、無事か？{/n}{/n},{Par}你们三个、都没事吧？{/n}{/n}
クレフ！{/n}だいじょうぶなの？{/n},克雷夫！{/n}你还好吗？{/n}
うむ。石にされてはしまったが、{/n}通信で おまえたちに{/n}助言くらいはしてやれるだろう。,嗯。虽然变成了石头、{/n}但还是能通过通信{/n}给你们一些建议。
沈黙の森に おりたったのならば、{/n}まず プレセアの家を探すがいい。{/n},既然已经降落在沉默之森、{/n}首先要找到普蕾西娅的家。{/n}
でも、何の手がかりもなく、{/n}いきなり探せといわれてもねぇ…。{/n},可是、毫无线索的情况下{/n}突然说要找也太…{/n}
プレセアの家は{/n}万が一のことが無いよう、{/n}深い森の奥に隠されている…。,普蕾西娅的家{/n}为了以防万一{/n}被隐藏在森林深处…
気の毒だが、気のきいた{/n}ヒントなどは やれんな。{/n},很遗憾、给不了什么{/n}像样的提示。{/n}
クレフって、意外とケチなのね！{/n}{/n},克雷夫原来这么小气啊！{/n}{/n}
{Par}沈黙の森に降り立ったのならば、{/n}まず プレセアの家を探すがいい。{/n},{Par}既然已经降落在沉默之森、{/n}首先要找到普蕾西娅的家。{/n}
でも、何の手がかりも{/n}教えてくれないんでしょ？{/n},可是、你什么线索{/n}都不能告诉我们对吧？{/n}
ご名答だ。{/n}{/n},回答正确。{/n}{/n}
{Par}プレセアの家を見つけたか。{/n}ならば、まずは{/n}プレセアに会わねばな。,{Par}找到普蕾西娅的家了吗。{/n}那么必须{/n}先见到普蕾西娅才行。
と申されましても…{/n}プレセアさんという方は{/n}どこにいらっしゃるのでしょう。,虽然您这么说…{/n}那位普蕾西娅小姐{/n}究竟身在何处呢？
姿が見えんのか。{/n}いったい どこを{/n}ほっつきあるいているやら…。,看不见身影吗。{/n}到底在什么地方{/n}闲逛呢…
{Par}急いで プレセアを探すのだ。{/n}{/n},{Par}要赶快去找普蕾西娅。{/n}{/n}
と申されましても…無断で{/n}ひとの家をうろつきまわるのは{/n}感心できませんわ。,虽然您这么说…{/n}擅自在别人家里乱逛{/n}实在有失体统。
今は非常事態だ。{/n}細かいことは気にしなくともよい。,现在是紧急事态。{/n}不必在意这些细节。
{Par}プレセアに会ったのか。{/n}ならば、プレセアの言うことを{/n}よく聞いて 行動するのだ。,{Par}见到普蕾西娅了吗。{/n}那就好好听从{/n}普蕾西娅的指示行动。
プレセアの話は 重要だ。{/n}ゆめゆめ、{/n}聞きもらしのないようにな。,普蕾西娅的话很重要。{/n}千万不要漏听了。{/n}
{Par}プレセアから武器を借りたなら、{/n}急いでエテルナの泉に向かうのだ。,{Par}如果从普蕾西娅那里借到武器、{/n}就立刻前往艾蒂露娜之泉。
沈黙の森は 迷いの森…{/n}心してかかるがいい。{/n},沉默之森是迷途之森…{/n}务必小心行事。{/n}
{Par}フェリオ⁉{/n},{Par}菲力欧⁉{/n}
ンン ゴホン！{/n}し…知らんな、そんな者は。{/n},嗯 咳咳！{/n}不…不认识那种人。{/n}
な、何 あわててるの、クレフ？{/n}{/n},你、你慌张什么啊、克雷夫？{/n}{/n}
{Par}何にせよ、そのフェリオなる者が{/n}協力してくれるというのなら{/n}ありがたいことだな。,{Par}总之、那个叫菲力欧的人{/n}愿意帮忙的话{/n}就再好不过了。
わたくしは信用できませんわ。{/n}あの方、おっしゃることが{/n}いいかげんなんですもの。,我可信不过那个人。{/n}那个人说话{/n}总是含糊其辞。
そうか…。しかし、{/n}沈黙の森を無事に出るには、{/n}助け合う必要があろう。,是吗…不过{/n}要想平安离开沉默之森、{/n}还是需要互相帮助的。
{Par}海…そして風、{/n}魔法は うまく使えたようだな。{/n},{Par}海…还有风、{/n}看来能熟练使用魔法了。{/n}
今後、おまえたちの行く手に{/n}なんらかの障害あるときは、{/n}魔法が 役に立つだろう。,你们在今后的旅途中{/n}遇到障碍的时候、{/n}魔法会派上用场的。
{Par}時が来れば、新たな魔法を{/n}おまえたちに伝えることも{/n}できるだろう。,{Par}时机成熟时、{/n}我也能将新的魔法{/n}传授给你们。
そのときを{/n}楽しみにしているぞ。{/n},我期待着{/n}那一刻的到来。{/n}
{Par}伝説の鉱物、エスクードが{/n}手に入ったのなら、{/n}急いで プレセアの元に戻るのだ。,{Par}若获得了传说矿物艾斯古托、{/n}就立刻返回普蕾西娅身边。{/n}
マジックナイトたる者だけが{/n}持つことを許される武器を{/n}創ってもらうためにな。,只有魔法骑士才{/n}有资格持有的武器{/n}需要由她来创造。
{Par}エスクードの武器を{/n}手に入れることができたようだな。,{Par}看来已经得到艾斯古托武器了。{/n}
これより本当の旅が始まるのだ。{/n}おまえたちが、真の{/n}マジックナイトになるためのな。,真正的旅程现在才开始。{/n}为了让你们成为{/n}真正的魔法骑士。
{Par}エメロード姫のさらわれたことを{/n}確たる情報として知る者は少ない。,{Par}艾美诺公主被掳之事{/n}确切知晓者寥寥无几。
村に入ったのなら、いたずらに{/n}人の不安をあおるようなことは{/n}口にしないようにな。,进入村庄后、切记{/n}不要随便说出{/n}会引发人们不安的言论。
やだ。{/n}そんなこと 軽々しく{/n}しゃべったりしないわよ？,才不会呢。{/n}怎么会随随便便{/n}说那种话啊？
そ、そうか。{/n}ならば、いいのだ。{/n},这、这样啊。{/n}那就好。{/n}
{Par}エメロード姫がさらわれた影響で、セフィーロの自然は乱れ、{/n}世界は崩壊へと近づいている。,{Par}由于艾美诺公主被掳走、{/n}锡菲罗的自然环境紊乱、{/n}世界正逐渐走向崩溃。
そして、人々の不安や あせる心が{/n}形となり、魔物となって{/n}あらわれてきているのだ。,而人们的不安与焦虑之心{/n}化为实体、以魔物的姿态{/n}开始出现在世间。
光、海、風… 真の{/n}マジックナイトとなるため、{/n}何を成すべきか…,光、海、风… 为了成为{/n}真正的魔法骑士、{/n}应该做些什么…
それを、考えてみてくれ。{/n}{/n},请好好思考这个问题。{/n}{/n}
{Par}勇気と力と知恵をあわせて、{/n}光、海、風よ…{/n}村人の願いをかなえるのだ。,{Par}结合勇气、力量与智慧、{/n}光、海、风啊…{/n}实现村民们的愿望吧。
行く手をさえぎる者があろうとも、必ずや 道は開けるはず。{/n},纵有阻碍在前、{/n}道路必将开辟。{/n}
もうちょっと 具体的に{/n}教えてほしいわねー。{/n},希望你能说一些{/n}更具体的建议啦～{/n}
む…考えておく。{/n}{/n},嗯…我会考虑的。{/n}{/n}
{Par}助走をつけると、ふだんよりも{/n}遠くへ とぶことができるぞ。{/n},{Par}助跑后可以跳得{/n}比平时更远。{/n}
基本的なことだが、{/n}忘れがちなのでな。{/n}一応 言っておく。,虽然是基本常识、{/n}但容易忘记。{/n}姑且提醒一下。
人間、初心を忘れちゃ{/n}いけないわよね。{/n}うん、うん。,人类、可不能{/n}忘记初心呢。{/n}嗯嗯。
さらに、四角い岩の中には{/n}力いっぱい押すと動かせるものが{/n}あるのだ。これも重要だ。,另外、有些方形岩石{/n}用力推就能移动。{/n}这点也很重要。
言ってくれることが具体的になってうれしいわ、クレフ♨{/n},能听到具体的建议{/n}真是让人高兴呢、克雷夫♨
{Par}スキがないように思えても、{/n}戦いのなかで{/n}安全な場所はあるものだ。,{Par}即使看似毫无破绽、{/n}战斗中仍然会存在{/n}安全的区域。
それに気がつけば、戦いを{/n}より有利に 運べるだろう。{/n},若能察觉到这一点、{/n}就能让战斗更顺利。{/n}
{Par}安全な場所は、{/n}敵の動きによって変わるもの。{/n}まず、それを見つけることだ。,{Par}安全的区域会随着{/n}敌人行动而改变。{/n}首先要找到那个位置。
そして 注意深く相手の動きを見ていつ どこを攻撃すればいいか、{/n}くせをつかむことだな。,然后仔细观察敌人的动作、{/n}掌握攻击的时机与位置、{/n}摸清敌人的习惯。
{Par}光の剣が成長したようだな。{/n}だが、まだまだだ。{/n},{Par}光的剑似乎成长了呢。{/n}但还远远不够。{/n}
エスクードの武器の{/n}真の力を引き出すには{/n}さらなる成長が必要だ。,要发挥艾斯古托武器{/n}真正的力量{/n}需要更进一步的成长。
おまえたちの心の強さが{/n}それを導くのだ。たのむぞ、{/n}マジックナイトたちよ！,你们内心的强大{/n}会引导这份力量。{/n}拜托了、魔法骑士们！
{Par}エスクードの武器の成長も{/n}大切だが、魔神探しも{/n}忘れてはならないぞ。,{Par}艾斯古托武器的成长{/n}固然重要、但寻找魔神{/n}也不能忘记。
プレセアは、北に行けば{/n}海があるって言ってたわよね。{/n},普蕾西娅说过往北走{/n}就会有海洋对吧？{/n}
{Par}海の近くの村に着いたのか。{/n}では、魔神の手がかりとなる{/n}情報を集めるのだ。,{Par}抵达海边的村庄了吗。{/n}那就收集一下{/n}关于魔神的情报吧。
いろいろと、人に 話を{/n}聞いて回るしかないようね。{/n},看来只能到处走走{/n}找人打听消息了呢。{/n}
{Par}どうだ、{/n}情報は集まったか？{/n},{Par}怎么样、{/n}情报收集得如何？{/n}
魔神は、海の底のどこか{/n}はるか深くに眠っている。{/n},魔神沉睡在{/n}海底的某处深渊。{/n}
直接の情報がなくとも、{/n}海の中が調べられれば{/n}何かわかるかもしれんな。,即使没有直接的线索、{/n}但是调查海底的话{/n}或许能有所发现。
{Par}セフィーロの人々との出会いから{/n}得る力もある…。{/n},{Par}与锡菲罗居民的相遇{/n}也能获得力量…{/n}
それを わたしが言う前に{/n}実踐してしまったようだな。{/n}…見事だ。,在我开口之前{/n}你们已经实践过了啊。{/n}…很出色。
それを役に立ててみせることが{/n}力を与えてくれた者への{/n}恩返しとなろう。,善用这份力量{/n}就是对给予者{/n}最好的回报。
{Par}ふむ、氷のどうくつか…。{/n}{/n},{Par}嗯、冰之洞窟吗…{/n}{/n}
まわりは氷ばかりだ。{/n}光の魔法が役に立つだろう。{/n},四周全是冰。{/n}光的魔法会派上用场吧。{/n}
{Par}その ジムニーなる生物は{/n}巨大化魔法の影響か、かなりの{/n}体熱を持ってしまったようだな。,{Par}那个叫吉姆尼的生物{/n}受巨大化魔法的影响、{/n}体温异常升高。
そのままでは 手がつけられん。{/n}何らかの方法で 体温を{/n}冷ましてやる必要があるようだ。,这样下去无法触碰。{/n}必须想办法{/n}帮它降温才行。
{Par}それにしても、まだ幼い生物を{/n}急に巨大化させるとは、自然の{/n}摂理（せつり）に反する行いだ。,{Par}话说回来、{/n}让幼体生物突然巨大化{/n}实在是违背自然法则。
何らかの反動が{/n}起きるかもしれないな…{/n},可能会引发{/n}某种反噬…{/n}
{Par}魔神「セレス」を手に入れたか。{/n}しかし、その代償は{/n}つらいものだったな…。,{Par}获得魔神「瑟列斯」了吗。{/n}但是、这代价{/n}如此的沉重…
ジムニーの死をムダにしないことがおまえたちにできる{/n}唯一の つぐないだろう。,不能让吉姆尼白白牺牲{/n}这是你们唯一能做的补偿了。{/n}
{Par}くしくも、以前のカルタスの立場におまえたちは置かれてしまったな。,{Par}讽刺的是现在的你们{/n}与当初的卡尔达斯是相同的处境。
因果はめぐる、ということか…。{/n}{/n},这就是因果轮回吗…{/n}{/n}
{Par}フェリオと また会ったのか。{/n}ふむ…。{/n},{Par}又见到菲力欧了吗。{/n}嗯…{/n}
それはともかく、ローゼンで{/n}何か 変わったことはないか？{/n},暂且不提这个、{/n}罗森村有什么异常吗？{/n}
{Par}村の者たちが 夜な夜な{/n}家を抜け出すというのか。{/n}におうな…。,{Par}村民们每到深夜就{/n}就会溜出家门？{/n}有蹊跷啊…
お約束のボケを{/n}かましそうになるけれど、{/n}ぐっと ガマンしておくわ。,虽然想按惯例吐槽、{/n}但还是努力忍住了。{/n}
{Par}夜中に外を出回るのは感心せんが、そういう事情ではしかたあるまい。,{Par}虽然不赞成夜间外出、{/n}但如果是那种情况也情有可原。
よかった。{/n}教育ママゴンみたいな事言われたらどうしようかと思っちゃったわ。,太好了。{/n}要是被怪兽家长说教的话{/n}那可就头疼了呢。
「教育ママゴン」って…{/n}いつの時代の言葉ですの？{/n},「怪兽家长」…{/n}这是哪个时代的词汇啊？{/n}
{Par}ローゼンの村に{/n}そんな どうくつがあったとは、{/n}わたしの記憶にはないな。,{Par}罗森村居然有{/n}那样的洞窟、{/n}我毫无印象啊。
…最近できたものではないのか？{/n}{/n},…难道是最近才形成的？{/n}{/n}
{Par}ところで、{/n}魔法は役に立っているか？{/n},{Par}话说回来、{/n}魔法派上用场了吗？{/n}
どうくつで困ったことがあったら、まず 魔法で道が開けないか{/n}ためしてみたらいいだろう。,在洞窟里遇到困难时、{/n}不妨先用魔法试试。{/n}也许能开辟道路。
{Par}近づくこと かなわぬ敵に{/n}出会ったならば、{/n}その対処法は限られてくる。,{Par}若遭遇无法近身的敌人、{/n}应对方法十分有限。{/n}
遠く離れたところからでも{/n}攻撃できる方法をとるのだ。{/n},要采取能从远距离{/n}发动攻击的策略。{/n}
{Par}分身する相手に{/n}まどわされてはいかんぞ。{/n},{Par}别被分身的敌人{/n}迷惑了。{/n}
幻の中に 必ずや{/n}実体が 姿をかくしているはず。{/n}それを見きわめることだ。,幻影中必定藏着实体。{/n}要准确辨别出来。{/n}
{Par}えー、あー、なんだ。その…{/n}とりあえず、{/n}ケンカはいかんな、風。,{Par}呃、啊、那个…{/n}总之、{/n}别吵架啊、风。
ケンカなんかしてませんわっ。{/n}{/n},才没有吵架呢！{/n}{/n}
そ、そうか。{/n}それは失礼。{/n},这、这样啊。{/n}失礼了。{/n}
それはともかく、村の者たちも{/n}正気に戻ったことだろう。{/n}何か 情報が聞けるかもしれん。,话说回来、村民们应该{/n}恢复神智了吧。{/n}或许能打听到什么消息。
様子見がてら、{/n}あたってみてはどうかな？{/n},要不要去{/n}看看情况？{/n}
{Par}村の者たちの様子はどうかな？{/n}{/n},{Par}村民们的情况如何？{/n}{/n}
魔神のこと、あるいは{/n}先へ進むための情報など{/n}聞ければよいのだが…。,若能打听到魔神的消息{/n}或者是前进线索{/n}那就再好不过了…。
{Par}… … …。{/n}{/n},{Par}… … …。{/n}{/n}
あれ…？{/n}クレフ、夜だから{/n}寝ているのかな。,咦…？{/n}克雷夫、因为是夜晚{/n}所以在睡觉吗。
魔法で石にされても、{/n}眠ることなんてあるんだ。{/n},就算被魔法变成石头、{/n}居然也会睡觉啊。{/n}
{Par}… … …。{/n}{/n},{Par}… … …。{/n}{/n}
クレフー？{/n}{/n},克雷夫～？{/n}{/n}
まだ 眠っているみたいだ。{/n}{/n},好像还在睡呢。{/n}{/n}
{Par}そうか。{/n}ラファーガに会ったのか。{/n},{Par}是吗。{/n}见到拉法格了啊。{/n}
ラファーガに教わった技で{/n}道が開ける場所もあるだろう。{/n}調べてみてはどうだ？,用拉法格传授的招式{/n}或许能开辟道路。{/n}去试试看吧？
{Par}ラファーガに教わった技を{/n}使ってみたか？{/n},{Par}用过拉法格传授的招式吗？{/n}{/n}
今まで、なにげなく{/n}通りすぎてきたところも、{/n}調べ直す必要がありそうだな？,之前匆匆路过的地方、{/n}看来也有必要{/n}重新调查了呢。
{Par}いかな異常気象に セフィーロが{/n}見舞われているといっても、{/n}火事というのは考えにくいな。,{Par}虽说锡菲罗正在遭受{/n}异常气候的侵袭、{/n}但火灾还是太蹊跷了。
…気をつけた方が{/n}いいかもしれないぞ。{/n},…最好提高警惕。{/n}比较妥当。{/n}
{Par}村の者はどうしている？{/n}無事であればいいが…。{/n},{Par}村民们还好吗？{/n}希望他们平安…{/n}
わからない。{/n}これから 話を聞いてみるわ。{/n},不清楚。{/n}正准备去打听。{/n}
{Par}にげおくれた子どもが{/n}家に残されているというのか？{/n}それは聞き捨てならないな。,{Par}有孩子没来得及逃走{/n}被困在屋里？{/n}这可不能坐视不管。
しかし、海の魔法でも消えぬ炎か…自然ならざりし力を感じるな。{/n},但连海的魔法都无法熄灭的火焰…{/n}感觉不是自然之力。
それは どういうことですの？{/n}{/n},这是什么意思？{/n}{/n}
何者かの手になるもの、{/n}ということだ。{/n},意思就是{/n}有人暗中作祟。{/n}
いったい だれが…？{/n}{/n},究竟是谁…？{/n}{/n}
{Par}ところどころ、{/n}閉ざされた とびらが{/n}あるようだな。,{Par}各处都有{/n}上锁的门扉。{/n}
それぞれに対応した{/n}カギがあるはず。{/n}まず、それを探すことだ。,应该有对应的钥匙。{/n}先找到钥匙吧。{/n}
それに、二階が焼け落ちて{/n}一階に落ちてしまうことが{/n}あるやもしれんが…,另外、二楼烧毁坍塌后{/n}物品坠落到一楼的情况{/n}或许可以…
それを、逆に{/n}利用してみるのもいいだろう。{/n},反过来利用这点{/n}也不失为一个好办法。{/n}
{Par}言わずもがなだろうが、{/n}炎をまといし魔物には{/n}海の魔法が よくきくだろう。,{Par}虽然不言自明、{/n}但对缠绕火焰的魔物{/n}海的魔法效果显著。
待ちに待ってた出番が来たわね！{/n}{/n},期待已久的出场机会来了呢！{/n}{/n}
…そうなのか？{/n}{/n},…是吗？{/n}{/n}
え？ あー…いやぁ…{/n}そ、そんなことないわよ？{/n},哎？ 啊…不…{/n}才、才没有啦！{/n}
そうか…{/n}ならば よいが。{/n},这样啊…{/n}那就好。{/n}
{Par}ときには ものかげにかくれ、{/n}敵のスキをうかがうことが必要だ。,{Par}有时需要躲藏在暗处、{/n}伺机攻击敌人的破绽。
攻撃方法によっては、ものかげから直接 敵にダメージを与えることも{/n}できるしな。,根据攻击方式的不同、{/n}甚至能从掩体后方{/n}直接对敌人造成伤害。
それって、なんだか{/n}ズルい感じがするけど…？{/n},总觉得这样{/n}有点狡猾呢…？{/n}
生きていくためには必要な知恵だ。{/n},是生存必需的智慧。{/n}
{Par}アイアイの村の者には{/n}気の毒だったな。{/n},{Par}艾艾村的居民{/n}真是可怜。{/n}
アルシオーネ、{/n}わたしたちをねらって{/n}こんなことしたのよね。,阿尔希欧蕾、{/n}为了袭击我们{/n}才这么做的吧。
わたくしたちのために、村の{/n}みなさんに迷惑をかけたようで…{/n}申し訳ありませんわ。,因为我们害大家{/n}遭遇不幸…{/n}实在抱歉。
クレフ…{/n}わたしたち、{/n}どうしたらいいんだ？,克雷夫…{/n}我们现在{/n}该怎么办？
今のおまえたちにできるのは{/n}エメロード姫を 一刻も早く{/n}助けだすことだ。,你们现在能做的{/n}就是尽快救出{/n}艾美诺公主。
このようなことが{/n}二度とおきないようにな。{/n},避免此类事件{/n}再次发生。{/n}
{Par}火事に焼かれた村の者を思う{/n}その心こそが 重要なのだ。{/n},{Par}牵挂受灾村民的{/n}这份心意才是最重要的。{/n}
その思いを忘れることなく、{/n}気を取り直して前に進むことだ。{/n},铭记这份心意、{/n}重整旗鼓继续前进吧。{/n}
{Par}ライリーは セフィーロの民の{/n}健康をつかさどる 重要な村だ。{/n},{Par}莱利村是掌管着锡菲罗子民{/n}健康的重要村落。{/n}
「生命の木」と呼ばれる大樹の下、おだやかな静養地として{/n}静かな毎日のはずだが…。,在「生命之树」的庇荫下、{/n}本该是宁静的疗养地…
{Par}生命の木は エメロード姫の{/n}祈りをえて、万病に効く薬となる{/n}葉を茂らせるのだ。,{Par}生命之树接受艾美诺公主的祈祷、{/n}能生长出治愈百病的叶片。{/n}
姫の祈り とどこおる今、{/n}生命の木の状態も 心配だな。{/n},如今公主停止祈祷、{/n}生命之树的状态也令人担忧。{/n}
{Par}そうか…やはり生命の木すらも{/n}エメロード姫 幽閉のため、{/n}葉を成さなくなっているか…。,{Par}果然连生命之树{/n}都因公主被幽禁{/n}而停止生长了吗…
それにしても、そんなに急に{/n}葉を落としているとは{/n}おかしいな。,但树叶如此急速凋零{/n}实在反常。{/n}
光、海、風… 気をつけろよ。{/n}{/n},光、海、风… 要小心啊。{/n}{/n}
{Par}大事の前に 小事にこだわるな。{/n}{/n},{Par}大事当前 别拘泥小节。{/n}{/n}
感情にとらわれて、{/n}目的を誤ることのないようにな。{/n},不要被情绪左右{/n}迷失了真正的目标。{/n}
{Par}生命の木を登っていくには、{/n}木の中と外を フル活用する{/n}必要があるようだな。,{Par}要攀登生命之树、{/n}需要灵活运用{/n}树内与树外的空间。
上に登れる可能性のあるところは{/n}見落とさないように。{/n},注意寻找{/n}可能的攀爬路线。{/n}
{Par}風の矢も だいぶ強力に{/n}なっているようだな。{/n},{Par}风的箭{/n}威力也提升不少呢。{/n}
力を充分にためた一撃は{/n}パワーが上がることは{/n}知っているだろう。,蓄力攻击能提升威力{/n}你应该知道吧。{/n}
風の矢は その際、{/n}敵を追って進んでいく。{/n}忘れないことだな。,风的箭在此时{/n}会追踪敌人。{/n}切记。
{Par}ふむ。{/n}アルシオーネも かなり{/n}研究していると見える。,{Par}嗯。{/n}看来阿尔希欧蕾{/n}也做了不少研究。
こちらも相手をよく見て、{/n}考えるといいだろう。{/n},你们也要仔细观察、{/n}冷静思考对策。{/n}
やみくもに攻撃していても{/n}いい結果は得られないぞ。{/n},盲目攻击{/n}难有成效。{/n}
{Par}数の多い敵は、基本的に{/n}ひとつづつ倒して{/n}数を減らしていくことだ。,{Par}面对数量众多的敌人、{/n}应当逐个击破{/n}削减数量。
しかし、それも{/n}顺番を考えるべきだろう。{/n},但攻击的顺序{/n}也需要考量。{/n}
自分たちが{/n}どうされたら 一番イヤか、{/n}考えてみるのもいいだろう。,不妨想想{/n}自己最怕被怎样攻击、{/n}或许能有启发。
{Par}生命の木を 巨大な虫が{/n}食い荒らしていたとはな。{/n},{Par}居然有巨虫在啃食{/n}生命之树…{/n}
しかし、それを倒したからには{/n}生命の木も 少しづつ{/n}快方に向かうだろう。,但既然已经消灭它、{/n}生命之树也会逐渐{/n}恢复健康吧。
さあ、生命の木の葉を取り、{/n}治療院に帰るのだ。,快取得生命之树的叶子、{/n}返回治疗院。
{Par}よくやったな。{/n}これで 病になやむ者も{/n}快方に向かうだろう。,{Par}做得很好啊。{/n}这样病患们{/n}也能逐渐康复了。
海…{/n}いいところ あるじゃないか？{/n},海…{/n}偶尔也挺可靠嘛？{/n}
と、当然でしょ？{/n}清く正しく美しく、が{/n}わたしのモットーだもんね！,那、那是当然！{/n}清纯正直又美丽{/n}这可是我的座右铭！
{Par}ラカタク大滝にかかる橋が{/n}落とされてしまったのか？{/n}それでは橋の向こうに進めないな。,{Par}拉卡塔克瀑布的桥{/n}被毁掉了吗？{/n}这样就无法向对岸前进了。
そうだ。{/n}滝の裏にある どうくつが{/n}橋の向こうにつながっていたはず。,对了。{/n}瀑布后的洞窟{/n}应该与对岸相连。
今 そこにいるならば、{/n}上へ上へと昇って行くがよかろう。{/n},如果现在在那里、{/n}就继续往上攀登吧。{/n}
{Par}滝の裏、ひそかに息づくどうくつ…{/n},{Par}瀑布的后方、隐秘的洞窟…{/n}
そこを昇ってゆけば、{/n}いずれ 道は開けよう。{/n},只要不断向上攀登、{/n}一定会找到出路。{/n}
{Par}光、海、風…{/n}今こそ おまえたちの力が{/n}試されるときだ。,{Par}光、海、风…{/n}现在正是考验{/n}你们力量的时刻。
それって…もしかして{/n}岩を押せ、ってこと？{/n},这是…要我们{/n}推岩石的意思？{/n}
うむ…まぁ、{/n}言うなれば そうだ。{/n},嗯…{/n}算是吧。{/n}
文字通り そのままね…♨{/n}{/n},字面意思呢…♨{/n}{/n}
{Par}鉄球をねらった場所で止めるには{/n}あらかじめ カベとなるものを{/n}おいておくことだ。,{Par}要让铁球停在目标位置、{/n}需要预先设置障碍物。{/n}
その方法は{/n}おのずと 知れていよう？{/n},至于方法{/n}应该不用我说吧？{/n}
{Par}鉄球をねらった場所で止めるには{/n}あらかじめ カベとなるものを{/n}おいておくことだが…,{Par}要让铁球停在目标位置、{/n}需要预先设置障碍物…{/n}
それは 別に、{/n}岩に限ったことではないのだ。{/n},不过并不限于{/n}使用岩石。{/n}
{Par}重要なのは、{/n}最初に何を成すかだ。{/n},{Par}关键在于{/n}第一步怎么做。{/n}
それを まちがえれば、何もかも{/n}やり直しとなってしまうぞ。{/n},如果弄错顺序、{/n}就要全部重来。{/n}
{Par}エスクードの武器で{/n}くだくことのできる岩が{/n}あることは 知っていようが…,{Par}艾斯古托武器{/n}能破坏特定岩石{/n}你们应该知道了…
考えなしに 岩をくだくのでなく{/n}いつ どこで それを成すか{/n}考えた方がいいだろうな。,但不要贸然破坏、{/n}要思考在何时何处{/n}进行破坏。
{Par}とびらを開くためには、{/n}自分たちの手だけでは{/n}まかないきれん場合もあるだろう。,{Par}可能有些门、{/n}单凭一己之力{/n}是无法打开的。
そのときは、他の者の手を借りる{/n}必要も あるかもしれんな。{/n},这种时候就需要{/n}借助他人之力。{/n}
{Par}すべからく 観察というものは{/n}大事なことだ。{/n},{Par}无论如何{/n}观察力至关重要。{/n}
「見る」のと「観察する」のとでは大ちがいなのだからな。{/n},「看」与「观察」{/n}可是天差地别啊。{/n}
{Par}とびらを守る魔物がいることも{/n}あるようだな。{/n}魔物を倒せば、道が開けよう。,{Par}似乎有些门{/n}会由魔物把守。{/n}击败它们就能通行。
また、自分の目というものは{/n}意外と信用ならないものだ。{/n},另外、肉眼所见{/n}有时并不可靠。{/n}
身体で感じることも必要だな。{/n}{/n},要用身体去感知。{/n}{/n}
{Par}おまえたちには「魔法」という{/n}心強い見方がいるということを{/n}忘れるな。,{Par}可别忘了{/n}你们拥有「魔法」{/n}这个强大的伙伴。
そして、各々が力を合わせれば{/n}必ずや 道は開けよう。{/n},只要齐心协力、{/n}必能开辟道路。{/n}
{Par}自分の目というものは{/n}意外と信用ならないものだ。{/n},{Par}肉眼所见{/n}有时并不可靠。{/n}
特に 幻惑の魔法をあやつる者を{/n}相手にするときには、{/n}注意が必要だな。,特别是面对会使用{/n}幻惑魔法的敌人时{/n}更要格外小心。
先入観にとらわれず、{/n}あるものを あるがままに{/n}受け入れてみてはどうだ？,摒弃先入为主的观念、{/n}试着接受事物的{/n}本来面貌吧。
{Par}とにもかくにも、{/n}幻に惑わされることの{/n}ないようにな。,{Par}总之、{/n}不要被幻象迷惑。{/n}
何がおこっても、{/n}あせらず、落ちついて{/n}対処するのだ。,无论发生什么、{/n}都要冷静应对。{/n}
{Par}魔法骑士になるための{/n}道はけわしい…。{/n},{Par}成为魔法骑士的{/n}道路险阻重重…{/n}
今のわたしは おまえたちに{/n}かける言葉も持たぬ…{/n}すまんな。,如今的我已没有{/n}能激励你们的话语…{/n}抱歉。
{Par}レクイドの湖まで やってきたか。{/n}{/n},{Par}到达雷奎德湖了吗。{/n}{/n}
とりあえず、村の者と話して{/n}情報を集めるしかないな。{/n},总之先向村民{/n}打听情报吧。{/n}
{Par}確か 湖には 精獣がいたはず。{/n}しかし、村をおそったりなどは{/n}しなかったのだがな…。,{Par}记得湖中有精兽栖息。{/n}但原本从不袭击村庄…{/n}
となると…どなたかが{/n}それをさせているという事も{/n}考えられますわね。,这么说来…可能是{/n}有人在操控它们。{/n}
また ザガートの一味の{/n}しわざだっていうの？{/n},难道 又是{/n}扎加特一伙人干的？{/n}
そこまでは断定できませんわ。{/n}そういう事も考えられる、{/n}というだけですから。,还不能断言。{/n}只是可能性之一。{/n}
とりあえず、村の者と話して{/n}情報を集めるしかないな。{/n},总之先向村民{/n}打听情报吧。{/n}
{Par}湖にあるという島には、どうも{/n}不自然な点が多いようだな。{/n},{Par}湖中的岛屿{/n}疑点重重。{/n}
充分、気をつけるのだぞ。{/n}{/n},千万要小心。{/n}{/n}
{Par}湖の精獣がおそってくるとは{/n}おかしいな。そんなはずは…。{/n},{Par}湖中精兽突然袭击人类{/n}实在是反常啊…{/n}
{Par}湖の精獣に邪心が感じられぬ…。{/n}{/n},{Par}感觉不到湖中精兽{/n}存有邪念…{/n}
こんなことをするのには、{/n}やむをえぬ理由があったのでは{/n}ないかと思えるのだが…。,它们这么做{/n}或许有不得已的苦衷…{/n}
{Par}空中庭園は、レクイドの精獣が{/n}あんなことになっていたおかげで、ながらく下界と行き来が無かった。,{Par}空中庭园因为{/n}雷奎德的精兽异变、{/n}长期与下界隔绝。
様子がどうなっているか、{/n}心配だな。{/n},不知现在状况如何{/n}实在令人担忧。{/n}
{Par}長らくの下界との断絶で、{/n}心の狭くなっている者が{/n}いなければいいのだがな。,{Par}由于长期与下界隔绝、{/n}希望没有人{/n}因此变得心胸狭隘。
もう いたみたいよ、ひとり。{/n}{/n},已经出现一个了哦。{/n}{/n}
また明日 たのんでみればいいよ。{/n}ね、海ちゃん。{/n},明天再去拜托试试吧。{/n}好吗、小海？{/n}
{Par}ひどいことになってしまったな。{/n}{/n},{Par}真是过分。{/n}{/n}
いきなり犯人扱いなんて、{/n}ひどいと思わない？{/n}何の証拠もないのに！,突然被当成犯人、{/n}太过分了吧？{/n}明明没有证据！
管理人のへんくつも{/n}そこまでとはな。{/n},管理人居然{/n}顽固到这种地步。{/n}
思い直させるには、{/n}光の言うように、真犯人を{/n}捕まえて見せるしかないだろうな。,要让他改变想法、{/n}正如光所说、{/n}只能抓住真凶了。
とりあえず、手がかりを{/n}探さないといけませんわ。{/n},总之必须{/n}先寻找线索。{/n}
{Par}管理人の家は、かなり厳しく{/n}警備が行われているようだな。{/n},{Par}管理人的家、{/n}戒备似乎相当森严啊。{/n}
しかし、なんとしても{/n}真犯人はさがさねばなるまい。{/n},但是、无论如何{/n}都要找出真凶。{/n}
問題の部屋を調べるためには、{/n}警備員に見つからぬように{/n}抜き足 差し足 忍び足…,要调查案发现场、{/n}必须蹑手蹑脚{/n}避开警备员…
セフィーロを救うマジックナイトがそんなことまでするの？{/n},拯救锡菲罗的魔法骑士{/n}居然要做这种事？{/n}
そのためにやるのだ。{/n}遠い道のりも、最初は{/n}一歩から始まるのだからな。,正因如此才要做。{/n}千里之行{/n}始于足下。
{Par}フェリオが そんなことを{/n}するはずはないな。{/n},{Par}菲力欧不可能{/n}做这种事。{/n}
ことの真実を{/n}確かめる必要がありそうだ。{/n},一定要{/n}查明真相。{/n}
{Par}フェリオ…何かわけがあるのか、{/n}それとも…{/n},{Par}菲力欧…{/n}是有什么苦衷、{/n}还是…
… … …。{/n}{/n},… … …。{/n}{/n}
風！{/n}元気だしなさいよっ！{/n},风！{/n}振作点！{/n}
そうだよ、風ちゃん！{/n}フェリオのこと、信じよう！{/n},没错、小风！{/n}要相信菲力欧！{/n}
{Par}本当に フェリオが…？{/n}{/n},{Par}难道真是菲力欧…？{/n}{/n}
そんなことはありえない。{/n}きっと なにか{/n}理由があるにちがいない。,绝无可能。{/n}一定是{/n}另有隐情。
わたしたちも もちろん{/n}そう 思いたいけど…。{/n},我们当然{/n}也希望如此…{/n}
{Par}すべからく 観察というものは{/n}大事なことだ。{/n},{Par}观察力至关重要。{/n}{/n}
「見る」のと「観察する」のとでは大ちがいなのだからな。{/n},「看」与「观察」{/n}可是天差地别啊。{/n}
観察で得た結果への対処を{/n}まちがえなければ、{/n}おのずと 道が開けよう。,只要正确应对观察结果、{/n}道路自然会显现。{/n}
{Par}それぞれの魔法の効果を{/n}きちんと おぼえているか？{/n},{Par}每种魔法的效果{/n}都还记得吗？{/n}
ただ魔物を倒すためだけでなく、{/n}別の効果を持つものがあったはず。,有些魔法不仅能退敌、{/n}还有特殊效果。
迷宮の中で、その効果が必要となる{/n}ところも あるだろうな。{/n},迷宫中的某些场合{/n}需要活用这些效果。{/n}
{Par}はるか高みにいる魔物には{/n}いかなエスクードの武器とて{/n}その力を示すことはできぬな。,{Par}面对高处的魔物、{/n}即便是艾斯古托武器{/n}也鞭长莫及。
さて、そのときは{/n}じっとガマンするか、それとも…{/n},这时是该忍耐、{/n}还是…{/n}
もう わかっているだろう？{/n}別の方法があることが。{/n},你应该知道{/n}还有其他办法吧？{/n}
{Par}困ったとき…{/n}おのれの力だけでは{/n}どうにもならぬとき…,{Par}陷入困境的时候…{/n}当自身的力量{/n}不足以应对时…
まわりのもの{/n}すべてを 利用するのだ。{/n},要善用{/n}周遭一切的事物。{/n}
{Par}ラファーガが そんなことに…{/n}{/n},{Par}拉法格居然…{/n}{/n}
しかし、今は セフィーロの{/n}未来の方が 大事。{/n}魔神を探し出すのが先決だ。,但眼下锡菲罗的{/n}未来更重要。{/n}当务之急是寻找魔神。
…と言っても、{/n}聞き入れはしないのだろうな？{/n},…话是这么说{/n}但你们也不会听吧？{/n}
あったりまえでしょ！{/n}{/n},那当然！{/n}{/n}
ラファーガを探すんだ！{/n}{/n},快去找拉法格！{/n}{/n}
{Par}ラファーガ…{/n}無事でいてくれるといいがな。{/n},{Par}拉法格…{/n}但愿平安无事。{/n}
無事でいるに決まってるよ！{/n}{/n},肯定没事的！{/n}{/n}
{Par}ラファーガが記憶を？{/n}ふむ…。{/n},{Par}拉法格失忆了？{/n}嗯…{/n}
ザガートの洗脳で 不安定になった{/n}心に、落下のショックが加わって{/n}そうなってしまったのか…？,扎加特的洗脑使心灵脆弱、{/n}再加上坠落的冲击{/n}才变成这样吗…？
{Par}ライリーの万能薬か。{/n}確かに それならば、ラファーガの{/n}記憶も戻るかもしれん。,{Par}莱利的万能药。{/n}或许能恢复{/n}拉法格的记忆。
急げよ。{/n}{/n},快去吧。{/n}{/n}
うんっ！{/n}{/n},嗯！{/n}{/n}
{Par}やはり 洗脳までは{/n}とくこと かなわなかったか。{/n},{Par}终究没能解除{/n}洗脑的效果吗。{/n}
ザガートの洗脳をとき、{/n}ラファーガを元に戻すには…{/n},要解除扎加特的洗脑、{/n}让拉法格恢复…{/n}
ライリーの万能薬も 効果が{/n}なかった今、それができるのは{/n}術をほどこした者のみ…,既然莱利的万能药无效、{/n}唯有施术者本人{/n}才能解除了吧…
ザガート自身が{/n}術をとくしかないってこと？{/n},意思是只有扎加特{/n}才能解除法术？{/n}
そんな…。{/n}{/n},怎么会…{/n}{/n}
いったい どうすればいいんだ…？{/n}{/n},到底该怎么办…？{/n}{/n}
{Par}ラファーガを{/n}なんとかしてやらなければ…！{/n},{Par}必须想办法{/n}救拉法格…！{/n}
光！{/n}ラファーガを追いかけましょう！{/n},光！{/n}快去追拉法格！{/n}
うんっ！{/n}{/n},嗯！{/n}{/n}
{Par}クレフ！{/n}ラファーガと戦うなんて{/n}できないよっ！,{Par}克雷夫！{/n}要和拉法格战斗什么的{/n}实在是做不到啊！
落ちつけ！{/n}{/n},冷静！{/n}{/n}
イノーバの与えた防具によって、{/n}ラファーガは 洗脳を{/n}強化されているようだ。,伊诺巴给予的防具{/n}强化了洗脑的效果。{/n}
まず、その防具を{/n}破壊することを考えろ！{/n},先设法破坏掉{/n}那件防具！{/n}
わかったよ、クレフ！{/n}{/n},明白了、克雷夫！{/n}{/n}
{Par}ラファーガの剣圧に{/n}正面から対抗しようとしても{/n}はねかえされてしまうぞ。,{Par}拉法格的剑气{/n}如果从正面抗衡{/n}一定会被弹开。
よく相手の動きを見て、{/n}スキをついて攻撃するのだ。{/n},要仔细观察动作、{/n}伺机攻击破绽。{/n}
{Par}今のわたしは おまえたちに{/n}かける言葉も持たぬ…{/n}すまん。,{Par}如今的我已没有{/n}能激励你们的话语…{/n}抱歉。
{Par}エスクードの武器の成長なった今、あとは 光の魔神を残すのみか…。{/n},{Par}艾斯古托武器已然成长、{/n}只剩下光的魔神了…{/n}
たのむぞ、マジックナイトたちよ。エメロード姫の願いを…{/n}かなえてくれ。,拜托了、魔法骑士们。{/n}请实现艾美诺公主的愿望。
{Par}足元に気をつけろよ。{/n}{/n},{Par}注意脚下。{/n}{/n}
…それだけ？{/n}{/n},…就这句？{/n}{/n}
その通りだ。{/n}{/n},正是如此。{/n}{/n}
{Par}熱くて触れることも{/n}かなわぬものは、{/n}冷ましてやるがよかろう。,{Par}那些灼热难近{/n}而无法触碰的东西、{/n}不妨先给它降降温。
{Par}自分の目というものは{/n}意外と信用ならないものだ。{/n},{Par}肉眼所见{/n}有时并不可靠。{/n}
先入観にとらわれず、{/n}あるものを あるがままに{/n}受け入れてみてはどうだ？,摒弃先入为主的观念、{/n}试着接受事物的{/n}本来面貌吧。
{Par}そうか…アルシオーネがな…。{/n}{/n},{Par}这样啊…阿尔希欧蕾啊…{/n}{/n}
あれも、一度 こうと決めたら{/n}一歩も引かぬ。{/n}思えば ふびんなやつ…。,那家伙一旦下定决心{/n}就绝不退让。{/n}想来也是个可怜人…。
{Par}アルシオーネも、空間をゆがませ{/n}最後の力をふりしぼって{/n}おそいかかってくる。,{Par}阿尔希欧蕾甚至扭曲空间、{/n}拼尽最后的力量来袭。{/n}
あわてず、落ちついて{/n}相手の攻撃を見きわめるのだ。{/n},不要慌张、沉着冷静地{/n}看穿对方的攻击。{/n}
どうにもならぬ時は、{/n}風の防御魔法を使うのもよかろう。{/n},万不得已之时{/n}就用风的防御魔法吧。{/n}
{Par}レイアースを手に入れたなら{/n}プレセアの元へ急ぐのだ。{/n},{Par}如果获得雷亚斯、{/n}就立刻回到普蕾西娅那里。{/n}
プレセアが、新しい道を{/n}示してくれるだろう。{/n},她会为你们{/n}指明新的道路。{/n}
{Par}精霊の森、伝説の岬へ急げ！{/n}{/n},{Par}速去精灵之森、传说之岬！{/n}{/n}
そこで、三人の{/n}成長…エスクー…の武器で{/n}魔神…よみがえらせ…,在那里、三人的成长…{/n}使用艾斯古…武器{/n}使魔神…复苏…
クレフ！{/n}どうしたの、クレフ！{/n},克雷夫！{/n}怎么了、克雷夫！{/n}
通信の状態が{/n}よくないのかしら…？{/n},通讯状态{/n}不太好吗…？{/n}
それだけなら{/n}よろしいのですけれど…{/n},但愿只是{/n}这样的情况…{/n}
え、えんぎでもないこと{/n}言わないでよ、風…。{/n},别、别说这种{/n}不吉利的话啊、风…{/n}
{Par}急げ…精霊の森…{/n}伝説の岬…{/n},{Par}快…精灵之森…{/n}传说之岬…{/n}
もう…ろそろ…{/n}通信…不可能…{/n},已经…快要…{/n}通讯…中断…{/n}
…の…ぞ…{/n}{/n},…的…愿…{/n}{/n}
クレフ！{/n}{/n},克雷夫！{/n}{/n}
クレフさんを{/n}早く 安心させるためにも、{/n}伝説の森に急ぎましょう！,为了让克雷夫先生{/n}早日安心、{/n}赶快去传说之森！
{Par}… … …{/n}{/n},{Par}… … …{/n}{/n}
クレフ…{/n}{/n},克雷夫…{/n}{/n}
{Par}… … …{/n}{/n},{Par}… … …{/n}{/n}
もう これからは クレフさんに{/n}頼らず、わたくしたちだけの力で{/n}進まなければなりませんわ。,从现在起、我们{/n}不能再依赖克雷夫先生。{/n}要凭我们自己的力量前进了。
ええ…そうよね！{/n}{/n},嗯…没错！{/n}{/n}
行こう！{/n}海ちゃん、風ちゃん！{/n},出发吧！{/n}小海、小风！{/n}
